{"sections":{"main":{"type":"main-article","blocks":{"title":{"type":"title","settings":{"blog_show_date":true,"blog_show_author":false}},"featured_image":{"type":"featured_image","settings":{"image_height":"adapt"}},"content":{"type":"content","settings":{}},"share":{"type":"share","settings":{"share_label":"Share"}}},"block_order":["title","featured_image","content","share"],"settings":{}},"featured-blog":{"type":"featured-blog","settings":{"heading":"","heading_size":"h1","blog":"hip-hop-in-india","post_limit":3,"columns_desktop":3,"color_scheme":"background-1","show_image":true,"show_date":true,"show_author":false,"show_view_all":false,"padding_top":36,"padding_bottom":36}}},"order":["main","featured-blog"]}