{"sections":{"main-collection-banner":{"type":"main-collection-banner","custom_css":["* {margin-top: 40px;}"],"settings":{"show_collection_description":false,"show_collection_image":false,"color_scheme":"background-1"}},"main-collection-product-grid":{"type":"main-collection-product-grid","custom_css":[".full-unstyled-link:hover {text-decoration: none;}","* {column-gap: 5px; row-gap: 20px; padding: inherit;}","ul#product-grid {margin: auto; justify-content: center;}","aside#main-collection-filters {padding-left: 1rem; padding-right: 1rem;}"],"settings":{"products_per_page":24,"columns_desktop":4,"color_scheme":"background-1","image_ratio":"adapt","image_shape":"default","show_secondary_image":true,"show_vendor":false,"show_rating":true,"enable_quick_add":false,"enable_filtering":true,"filter_type":"horizontal","enable_sorting":true,"columns_mobile":"2","padding_top":44,"padding_bottom":44}},"17106603648d82e562":{"type":"apps","settings":{"include_margins":true}}},"order":["main-collection-banner","main-collection-product-grid","17106603648d82e562"]}