{"sections":{"main-collection-banner":{"type":"main-collection-banner","settings":{"show_collection_description":false,"show_collection_image":false,"color_scheme":"background-1"}},"main-collection-product-grid":{"type":"main-collection-product-grid","settings":{"products_per_page":8,"columns_desktop":3,"color_scheme":"background-1","image_ratio":"portrait","image_shape":"default","show_secondary_image":true,"show_vendor":false,"show_rating":false,"enable_quick_add":true,"enable_filtering":true,"filter_type":"vertical","enable_sorting":true,"columns_mobile":"1","padding_top":36,"padding_bottom":36}}},"order":["main-collection-banner","main-collection-product-grid"]}