{"sections":{"notify_me_tVxMcY":{"type":"notify-me","blocks":{"image_cBqDwD":{"type":"image","settings":{"image":"shopify:\/\/shop_images\/12f3asw_1.png"}},"image_cCACw8":{"type":"image","settings":{"image":"shopify:\/\/shop_images\/BAVA2_1_9bae5c0f-9430-45dd-868e-c1b9ec6f2941.png"}},"image_C8g6mh":{"type":"image","settings":{"image":"shopify:\/\/shop_images\/BAVA2_1_2.png"}},"image_KBEJjN":{"type":"image","settings":{"image":"shopify:\/\/shop_images\/DSC_7172.jpg"}},"image_iL8663":{"type":"image","settings":{"image":"shopify:\/\/shop_images\/BAVA2.png"}},"image_fUwiWw":{"type":"image","settings":{"image":"shopify:\/\/shop_images\/BAVA2_5_-min.png"}},"image_cFFRBR":{"type":"image","settings":{"image":"shopify:\/\/shop_images\/123ff_2_1.png"}},"image_F99jzM":{"type":"image","settings":{"image":"shopify:\/\/shop_images\/Untitled_design_1_2.png"}}},"block_order":["image_cBqDwD","image_cCACw8","image_C8g6mh","image_KBEJjN","image_iL8663","image_fUwiWw","image_cFFRBR","image_F99jzM"],"disabled":true,"custom_css":[],"settings":{}},"17497006784d7efafb":{"type":"apps","blocks":{"vizup_shoppable_video_carousel_videos_block_K9Dym8":{"type":"shopify:\/\/apps\/vizup-shoppable-video-carousel\/blocks\/videos-block\/eaecaa7b-ab6b-40ae-8ddf-50daa867f3eb","settings":{"videoc_widget_id":""}}},"block_order":["vizup_shoppable_video_carousel_videos_block_K9Dym8"],"settings":{"include_margins":true}},"featured_collection_XzUMr8":{"type":"featured-collection","custom_css":["* {column-gap: 5px; justify-content: center; max-width: 100%;}"],"settings":{"title":"NEW VEST","heading_size":"h1","description":"","show_description":false,"description_style":"body","collection":"vest","products_to_show":4,"columns_desktop":4,"full_width":true,"show_view_all":true,"view_all_style":"solid","enable_desktop_slider":true,"color_scheme":"","image_ratio":"adapt","image_shape":"default","show_secondary_image":true,"show_vendor":false,"show_rating":false,"enable_quick_add":false,"columns_mobile":"2","swipe_on_mobile":true,"padding_top":36,"padding_bottom":36}},"featured_collection_yzycRp":{"type":"featured-collection","custom_css":["* {column-gap: 5px; justify-content: center; max-width: 100%;}"],"settings":{"title":"<em>HIP-HOP Collection<\/em>","heading_size":"h1","description":"","show_description":false,"description_style":"body","collection":"hip-hop","products_to_show":8,"columns_desktop":4,"full_width":true,"show_view_all":true,"view_all_style":"solid","enable_desktop_slider":false,"color_scheme":"background-1","image_ratio":"adapt","image_shape":"default","show_secondary_image":true,"show_vendor":false,"show_rating":false,"enable_quick_add":false,"columns_mobile":"2","swipe_on_mobile":false,"padding_top":36,"padding_bottom":36}},"custom_video_KYkJxR":{"type":"custom-video","settings":{"video_url":"https:\/\/cdn.shopify.com\/videos\/c\/o\/v\/894539d33c53426391a1d298c2dd3249.mp4","enable_loop":true}},"featured_collection_igc74Q":{"type":"featured-collection","custom_css":["* {column-gap: 5px; justify-content: center; max-width: 100%;}"],"settings":{"title":"<em>Rebel Collection<\/em>","heading_size":"h1","description":"","show_description":false,"description_style":"body","collection":"rebel","products_to_show":8,"columns_desktop":4,"full_width":true,"show_view_all":true,"view_all_style":"solid","enable_desktop_slider":false,"color_scheme":"background-1","image_ratio":"adapt","image_shape":"default","show_secondary_image":true,"show_vendor":false,"show_rating":false,"enable_quick_add":false,"columns_mobile":"2","swipe_on_mobile":false,"padding_top":36,"padding_bottom":36}},"featured_product_m38TYn":{"type":"featured-product","blocks":{"text_rN3bRj":{"type":"text","settings":{"text":"{{ section.settings.product.vendor }}","text_style":"uppercase"}},"title_QRBjjd":{"type":"title","settings":{"heading_size":"h1"}},"price_VLAUPw":{"type":"price","settings":{}},"variant_picker_MmPDAM":{"type":"variant_picker","settings":{"picker_type":"button"}},"quantity_selector_n4qReM":{"type":"quantity_selector","settings":{}},"buy_buttons_Ggr8rw":{"type":"buy_buttons","settings":{"show_dynamic_checkout":true,"show_gift_card_recipient":true}},"share_4NzDiK":{"type":"share","settings":{"share_label":"Share"}}},"block_order":["text_rN3bRj","title_QRBjjd","price_VLAUPw","variant_picker_MmPDAM","quantity_selector_n4qReM","buy_buttons_Ggr8rw","share_4NzDiK"],"settings":{"product":"nba-custom-denims-legends-never-die-1-of-1","color_scheme":"background-1","secondary_background":false,"media_size":"medium","constrain_to_viewport":true,"media_fit":"contain","media_position":"left","image_zoom":"lightbox","hide_variants":false,"enable_video_looping":false,"padding_top":36,"padding_bottom":36}},"174970248932b558d8":{"type":"apps","settings":{"include_margins":true}},"174403404667cb64ae":{"type":"apps","blocks":{"instafeed_app_block_YEUgFx":{"type":"shopify:\/\/apps\/instafeed\/blocks\/app-block\/c447db20-095d-4a10-9725-b5977662c9d5","settings":{"title":"JOIN OUR INSTA FAM!","title_color":"#000000","title_size_v2":0,"alignment":"center","instafeed_margin_top":0,"instafeed_margin_bottom":0,"instafeed_margin_sides":0,"show_instagram_link":false,"link_alignment":"left","link_color":"#000000","background_color":"#ffffff","feed_id":"","html_area":""}}},"block_order":["instafeed_app_block_YEUgFx"],"settings":{"include_margins":true}},"17497024996929aff4":{"type":"apps","blocks":{"instafeed_app_block_X6kekD":{"type":"shopify:\/\/apps\/instafeed\/blocks\/app-block\/c447db20-095d-4a10-9725-b5977662c9d5","settings":{"title":"INSTA FAM","title_color":"","title_size_v2":0,"alignment":"center","instafeed_margin_top":0,"instafeed_margin_bottom":0,"instafeed_margin_sides":0,"show_instagram_link":false,"link_alignment":"left","link_color":"#000000","background_color":"","feed_id":"","html_area":""}}},"block_order":["instafeed_app_block_X6kekD"],"settings":{"include_margins":true}},"newsletter_FWpajK":{"type":"newsletter","blocks":{"heading_Kdh4yH":{"type":"heading","settings":{"heading":"Subscribe to our emails","heading_size":"h1"}},"paragraph_ePAc3r":{"type":"paragraph","settings":{"text":"<p>Be the first to know about new collections and exclusive offers.<\/p>"}},"email_form_HKdeLj":{"type":"email_form","settings":{}}},"block_order":["heading_Kdh4yH","paragraph_ePAc3r","email_form_HKdeLj"],"settings":{"color_scheme":"background-1","full_width":true,"padding_top":40,"padding_bottom":52}},"1744034514020b40a6":{"type":"apps","blocks":{"instafeed_app_block_Kjriqz":{"type":"shopify:\/\/apps\/instafeed\/blocks\/app-block\/c447db20-095d-4a10-9725-b5977662c9d5","settings":{"title":"","title_color":"","title_size_v2":0,"alignment":"center","instafeed_margin_top":0,"instafeed_margin_bottom":0,"instafeed_margin_sides":0,"show_instagram_link":false,"link_alignment":"left","link_color":"#000000","background_color":"","feed_id":"","html_area":""}}},"block_order":["instafeed_app_block_Kjriqz"],"settings":{"include_margins":true}},"1745996428852dbb7e":{"type":"apps","blocks":{"vizup_shopable_instagram_reels_videos_block_49ChhN":{"type":"shopify:\/\/apps\/vizup-shoppable-video-carousel\/blocks\/videos-block\/eaecaa7b-ab6b-40ae-8ddf-50daa867f3eb","settings":{"videoc_widget_id":"new"}}},"block_order":["vizup_shopable_instagram_reels_videos_block_49ChhN"],"disabled":true,"settings":{"include_margins":true}},"custom_liquid_nMbj9K":{"type":"custom-liquid","name":"t:sections.custom-liquid.presets.name","settings":{"custom_liquid":"","color_scheme":"","padding_top":40,"padding_bottom":52}}},"order":["notify_me_tVxMcY","17497006784d7efafb","featured_collection_XzUMr8","featured_collection_yzycRp","custom_video_KYkJxR","featured_collection_igc74Q","featured_product_m38TYn","174970248932b558d8","174403404667cb64ae","17497024996929aff4","newsletter_FWpajK","1744034514020b40a6","1745996428852dbb7e","custom_liquid_nMbj9K"]}