{"sections":{"main":{"type":"main-page","custom_css":["h1 {text-align: center;}","* {margin-top: 40px;}"],"settings":{"padding_top":40,"padding_bottom":40}},"multirow_RXccbi":{"type":"multirow","blocks":{"row_LpiTgg":{"type":"row","settings":{"image":"shopify:\/\/shop_images\/2w.webp","caption":"","heading":"Bava - A Rebel's Expression","text":"<p>Our name, 'Bava,' isn't just a word; it's an expression of levitating above society, rebellion and creativity. We stand apart with our unique, unapologetic, and audacious style. Bava is not just a brand; it's a statement against conformity, a celebration of individuality, and a canvas for self-expression, inspired by the bold spirit of street culture.<\/p>","button_label":"","button_link":""}},"row_DyytC6":{"type":"row","settings":{"image":"shopify:\/\/shop_images\/hip-hop.jpg","caption":"","heading":"Our Passion for Hip Hop","text":"<p>Born out of a deep love for Hip Hop, Bava is a brand that embodies the essence of this influential culture. Our journey began with a simple idea - to contribute to the industry that inspired us. From the lyrics that resonate with the streets to the beats that set the rhythm of life, we're here to amplify the spirit of Hip Hop in everything we create.<\/p>","button_label":"","button_link":""}},"row_wTcNRk":{"type":"row","settings":{"image":"shopify:\/\/shop_images\/QA.webp","caption":"","heading":"Quality Meets Style","text":"<p>At Bava, quality is non-negotiable. We're dedicated to using only the finest fabrics and materials, ensuring that our products meet the high standards that Hip Hop aficionados demand. Our commitment to excellence extends to our sustainable packaging, which mirrors our dedication to a better, greener world.<\/p>","button_label":"","button_link":""}}},"block_order":["row_LpiTgg","row_DyytC6","row_wTcNRk"],"settings":{"image_height":"medium","desktop_image_width":"medium","heading_size":"h1","text_style":"body","button_style":"secondary","desktop_content_position":"middle","desktop_content_alignment":"left","image_layout":"alternate-left","section_color_scheme":"","row_color_scheme":"","mobile_content_alignment":"left","padding_top":36,"padding_bottom":36}}},"order":["main","multirow_RXccbi"]}