{"layout":"password","sections":{"main":{"type":"email-signup-banner","blocks":{"heading":{"type":"heading","settings":{"heading":"Opening soon","heading_size":"h1"}},"paragraph":{"type":"paragraph","settings":{"text":"<p>Be the first to know when we launch.<\/p>","text_style":"body"}},"email_form":{"type":"email_form","settings":{}}},"block_order":["heading","paragraph","email_form"],"disabled":true,"settings":{"image_overlay_opacity":0,"show_background_image":true,"image_height":"medium","desktop_content_position":"middle-center","show_text_box":true,"desktop_content_alignment":"center","color_scheme":"background-1","mobile_content_alignment":"center","show_text_below":true}},"password_video_qHf9yC":{"type":"password-video","settings":{"video_url":"https:\/\/cdn.shopify.com\/videos\/c\/o\/v\/db57087415f04b9487b62e1f926b3283.mp4","mobile_video_url":"https:\/\/cdn.shopify.com\/videos\/c\/o\/v\/f2835c7d16b842b89568de09058b83c8.mov","overlay_text":"JOIN THE WAIT LIST","font_color":"#11151c","font_size":34,"overlay_color":"#11151c","overlay_opacity":0.8}}},"order":["main","password_video_qHf9yC"]}