{"sections":{"main":{"type":"main-product","blocks":{"text":{"type":"text","settings":{"text":"","text_style":"body"}},"title":{"type":"title","settings":{}},"price":{"type":"price","settings":{}},"custom_liquid_J38Va4":{"type":"custom_liquid","settings":{"custom_liquid":"{% assign is_in_vest_collection = false %}\n{% for collection in product.collections %}\n  {% if collection.handle == 'vest' %}\n    {% assign is_in_vest_collection = true %}\n  {% endif %}\n{% endfor %}\n\n{% if is_in_vest_collection %}\n  <div class=\"product-offer-text\">\n    🚨 Grab the Pre-Order Deal — Official Launch on 15th Aug | Launch Price ₹2,199\n  <\/div>\n\n  <style>\n    .product-offer-text {\n      font-weight: 700;\n      font-size: 16px;\n      color: #d10000; \/* deep red *\/\n      margin: 10px 0;\n    }\n  <\/style>\n{% endif %}"}},"inventory_TPyzTL":{"type":"inventory","settings":{"text_style":"body","inventory_threshold":5,"show_inventory_quantity":true}},"custom_liquid_yMNzb9":{"type":"custom_liquid","settings":{"custom_liquid":"{% assign found = false %}\n{% for collection in product.collections %}\n  {% if collection.handle == 'threaded-classics' %}\n    {% assign found = true %}\n  {% endif %}\n{% endfor %}\n\n{% if found %}\n<div class=\"product-promo-card\">\n  <div class=\"promo-accent\"><\/div>\n  <div class=\"promo-content\">\n    <p class=\"promo-text\">\n      ✨ Get any <strong>2 TEES<\/strong> @ ₹1,999\n    <\/p>\n  <\/div>\n<\/div>\n\n<style>\n.product-promo-card {\n  display: flex;\n  align-items: center;\n  background-color: #fefefe;\n  border: 1px solid #eee;\n  border-left: 6px solid #ff4d4f;\n  padding: 12px 16px;\n  margin: 1.5rem 0;\n  border-radius: 6px;\n  box-shadow: 0 4px 14px rgba(0, 0, 0, 0.05);\n  max-width: 100%;\n}\n\n.promo-accent {\n  width: 6px;\n  height: 100%;\n  background-color: #ff4d4f;\n  border-radius: 4px;\n  margin-right: 12px;\n}\n\n.promo-content {\n  flex: 1;\n}\n\n.promo-text {\n  margin: 0;\n  font-size: 16px;\n  font-weight: 600;\n  color: #222;\n}\n\n.promo-text strong {\n  color: #d10000;\n  font-weight: 700;\n}\n<\/style>\n{% endif %}"}},"variant_picker":{"type":"variant_picker","settings":{"picker_type":"button"}},"quantity_selector":{"type":"quantity_selector","settings":{}},"buy_buttons":{"type":"buy_buttons","settings":{"show_dynamic_checkout":true,"show_gift_card_recipient":true}},"text_cBCtYQ":{"type":"text","settings":{"text":"<em><strong>10% OFF for All Artist on all collections for life plus shoutouts on our Site and Socials  - Send us your work<\/strong><\/em>","text_style":"subtitle"}},"share":{"type":"share","settings":{"share_label":"Share"}},"description":{"type":"description","settings":{}},"collapsible_tab_EFJcdN":{"type":"collapsible_tab","settings":{"heading":"RETURN & REFUND","icon":"return","content":"<p>✨ <strong>Return & Exchange Policy<\/strong> ✨<\/p><p>You can request a size replacement within <strong>7 days of delivery<\/strong> — delivery charges apply. If stock allows, we can also exchange for another product; any price difference must be paid.<\/p><p>For refunds on wrong products, you <strong>must record an unboxing video as proof<\/strong>.<\/p><p>Custom-made items aren’t eligible for return or exchange.<\/p><p>🖤 <strong>Read More — <\/strong><a href=\"https:\/\/thebavastore.com\/policies\/refund-policy\" title=\"RETURN AND REFUND POLICY\"><strong>RETURN AND REFUND POLICY<\/strong><\/a><\/p>","page":""}},"collapsible_tab_HxPNK3":{"type":"collapsible_tab","settings":{"heading":"SHIPPING & HANDLING","icon":"truck","content":"<p>We strive for efficiency in getting our products to you. Please allow 24-48 hours for order processing, subject to product availability and payment verification. Note that once an order has been placed, it cannot be modified or canceled. We recommend double-checking all order details before finalizing at checkout.<\/p><p><\/p><p>READ MORE - <a href=\"\/policies\/shipping-policy\" title=\"Shipping Policy\">SHIPPING & HANDLING POLICY<\/a><\/p>","page":""}}},"block_order":["text","title","price","custom_liquid_J38Va4","inventory_TPyzTL","custom_liquid_yMNzb9","variant_picker","quantity_selector","buy_buttons","text_cBCtYQ","share","description","collapsible_tab_EFJcdN","collapsible_tab_HxPNK3"],"custom_css":["\/* .product__info-wrapper h1 {font-size: 3rem;}"," *\/button.shopify-payment-button__button.shopify-payment-button__button--unbranded {padding: 0; font-size: 18px;}",".button--full-width {display: flex; width: 100%; padding: 0; font-size: 18px;}",".quantity {width: calc(12rem \/ var(--font-body-scale) + var(--inputs-border-width) * 2);}",".product__description.rte.quick-add-hidden {font-size: ;}",".product__title {margin-top: 75px;}",".product__media.media.media--transparent {margin-top: 75px;}"],"settings":{"enable_sticky_info":true,"color_scheme":"background-1","media_size":"medium","constrain_to_viewport":true,"media_fit":"contain","gallery_layout":"thumbnail","media_position":"left","image_zoom":"hover","mobile_thumbnails":"show","hide_variants":true,"enable_video_looping":true,"padding_top":16,"padding_bottom":16}},"17507894338fe5db7e":{"type":"apps","settings":{"include_margins":true}},"1717078879046bfb5f":{"type":"apps","custom_css":["\/* Custom section styling *\/#your-section-id {background-color: #000 !important; \/* Black background *\/ color: #fff !important; \/* White text *\/}","#your-section-id * {color: #fff !important; \/* Force all nested elements to be white *\/ border-color: #fff !important; \/* White borders if any *\/ fill: #fff !important; \/* White icons (SVGs) *\/ stroke: #fff !important; \/* White outlines *\/}"],"settings":{"include_margins":false}},"pagefly-product-section":{"type":"pagefly-product-section","disabled":true,"settings":{}},"related-products":{"type":"related-products","disabled":true,"custom_css":["* {column-gap: 5px; row-gap: 20px; padding: inherit; justify-content: center; max-width: 100%;}","h2 {margin-left: 30px;}"],"settings":{"heading":"You may also like","heading_size":"h2","products_to_show":8,"columns_desktop":4,"color_scheme":"background-1","image_ratio":"adapt","image_shape":"default","show_secondary_image":true,"show_vendor":false,"show_rating":true,"columns_mobile":"2","padding_top":36,"padding_bottom":28}},"1710269855feff3a4b":{"type":"apps","settings":{"include_margins":true}},"17106603218fa61a9e":{"type":"apps","settings":{"include_margins":true}},"1751179283c4e44bc3":{"type":"apps","settings":{"include_margins":true}},"featured_collection_rCUKWy":{"type":"featured-collection","name":"t:sections.featured-collection.presets.name","settings":{"title":"YOU DEFINITELY WILL LIKE THESE","heading_size":"h1","description":"","show_description":false,"description_style":"body","collection":"all-products","products_to_show":20,"columns_desktop":4,"full_width":false,"show_view_all":true,"view_all_style":"solid","enable_desktop_slider":false,"color_scheme":"","image_ratio":"adapt","image_shape":"default","show_secondary_image":true,"show_vendor":false,"show_rating":false,"enable_quick_add":true,"columns_mobile":"2","swipe_on_mobile":false,"padding_top":36,"padding_bottom":36}}},"order":["main","17507894338fe5db7e","1717078879046bfb5f","pagefly-product-section","related-products","1710269855feff3a4b","17106603218fa61a9e","1751179283c4e44bc3","featured_collection_rCUKWy"]}