{"sections":{"main":{"type":"main-product","blocks":{"text":{"type":"text","settings":{"text":"{{ product.vendor }}","text_style":"body"}},"title":{"type":"title","settings":{}},"price":{"type":"price","settings":{}},"rating":{"type":"rating","settings":{}},"description":{"type":"description","settings":{}},"variant_picker":{"type":"variant_picker","settings":{"picker_type":"button"}},"quantity_selector":{"type":"quantity_selector","settings":{}},"buy_buttons":{"type":"buy_buttons","settings":{"show_dynamic_checkout":true,"show_gift_card_recipient":true}},"share":{"type":"share","settings":{"share_label":"Share"}}},"block_order":["text","title","price","rating","description","variant_picker","quantity_selector","buy_buttons","share"],"custom_css":[".product__info-wrapper h1 {font-size: 2rem;}"],"settings":{"enable_sticky_info":true,"color_scheme":"background-1","media_size":"small","constrain_to_viewport":true,"media_fit":"contain","gallery_layout":"stacked","media_position":"left","image_zoom":"hover","mobile_thumbnails":"show","hide_variants":true,"enable_video_looping":true,"padding_top":16,"padding_bottom":16}},"related-products":{"type":"related-products","settings":{"heading":"You may also like","heading_size":"h2","products_to_show":4,"columns_desktop":4,"color_scheme":"background-1","image_ratio":"square","image_shape":"default","show_secondary_image":true,"show_vendor":false,"show_rating":false,"columns_mobile":"2","padding_top":36,"padding_bottom":28}}},"order":["main","related-products"]}