{"name":"t:sections.footer.name","type":"footer","sections":{"custom_liquid_rEzGmP":{"type":"custom-liquid","settings":{"custom_liquid":"<!DOCTYPE html>\n<html lang=\"en\">\n<head>\n<meta charset=\"UTF-8\">\n<meta name=\"viewport\" content=\"width=device-width, initial-scale=1.0\">\n<title>Marquee Announcement<\/title>\n<style>\n  .marquee {\n    width: 100%;\n    overflow: hidden;\n    white-space: nowrap;\n    background-color: #000; \/* Changed to black *\/\n  }\n\n  .marquee p {\n    display: inline-block;\n    padding: 10px 20px;\n    font-size: 18px;\n    margin: 0;\n    color: #fff; \/* Changed to white *\/\n    animation: marquee 20s linear infinite;\n  }\n\n  @keyframes marquee {\n    0% { transform: translateX(100%); }\n    100% { transform: translateX(-100%); }\n  }\n<\/style>\n<\/head>\n<body>\n\n<div class=\"marquee\">\n  <p>MADE&nbsp;IN&nbsp;INDIA &nbsp;&nbsp;&nbsp;&nbsp;&nbsp;&nbsp;&nbsp;&nbsp;&nbsp;&nbsp;&nbsp;WORLD&nbsp;WIDE&nbsp;SHIPPING &nbsp;&nbsp;&nbsp;&nbsp;&nbsp;&nbsp;&nbsp;&nbsp;&nbsp;&nbsp;&nbsp;FREE&nbsp;DELIVERY<\/p>\n<\/div>\n\n<\/body>\n<\/html>","color_scheme":"background-1","padding_top":0,"padding_bottom":0}},"footer":{"type":"footer","blocks":{"link_list_YTMn4a":{"type":"link_list","settings":{"heading":"NEED HELP","menu":"footer"}},"link_list_XkrzED":{"type":"link_list","settings":{"heading":"Quick links","menu":"main-menu"}},"link_list_Qfxtdh":{"type":"link_list","settings":{"heading":"Policies","menu":"policies"}}},"block_order":["link_list_YTMn4a","link_list_XkrzED","link_list_Qfxtdh"],"custom_css":["body {overflow-y: hidden !important; width: 100% !important;}"],"settings":{"color_scheme":"background-1","newsletter_enable":true,"newsletter_heading":"Subscribe to our email list","enable_follow_on_shop":true,"show_social":true,"enable_country_selector":false,"enable_language_selector":true,"payment_enable":true,"show_policy":true,"margin_top":0,"padding_top":48,"padding_bottom":48}}},"order":["custom_liquid_rEzGmP","footer"]}