{"name":"t:sections.header.name","type":"header","sections":{"header":{"type":"header","custom_css":[],"settings":{"logo_position":"top-center","menu":"main-menu","menu_type_desktop":"dropdown","sticky_header_type":"none","show_line_separator":false,"color_scheme":"background-1","menu_color_scheme":"scheme-99b1674d-27d5-4da2-aed1-3cc6005ecdb8","enable_country_selector":false,"enable_language_selector":true,"mobile_logo_position":"center","margin_bottom":0,"padding_top":12,"padding_bottom":12}},"17495467363d169154":{"type":"apps","blocks":{"kwikpass_kp_login_YLYyiY":{"type":"shopify:\/\/apps\/kwikpass\/blocks\/kp_login\/603e209b-d585-47ff-8592-837a4faa325b","settings":{}}},"block_order":["kwikpass_kp_login_YLYyiY"],"settings":{"include_margins":true}}},"order":["header","17495467363d169154"]}