{"current":{"logo":"shopify:\/\/shop_images\/name-cropped.png","logo_width":200,"type_header_font":"antique_olive_n7","heading_scale":110,"type_body_font":"basic_commercial_soft_rounded_n7","body_scale":100,"page_width":1400,"spacing_sections":0,"spacing_grid_horizontal":40,"spacing_grid_vertical":40,"animations_reveal_on_scroll":true,"animations_hover_elements":"none","buttons_border_thickness":1,"buttons_border_opacity":100,"buttons_radius":0,"buttons_shadow_opacity":0,"buttons_shadow_horizontal_offset":0,"buttons_shadow_vertical_offset":4,"buttons_shadow_blur":5,"variant_pills_border_thickness":1,"variant_pills_border_opacity":100,"variant_pills_radius":0,"variant_pills_shadow_opacity":0,"variant_pills_shadow_horizontal_offset":0,"variant_pills_shadow_vertical_offset":4,"variant_pills_shadow_blur":5,"inputs_border_thickness":1,"inputs_border_opacity":100,"inputs_radius":0,"inputs_shadow_opacity":0,"inputs_shadow_horizontal_offset":0,"inputs_shadow_vertical_offset":4,"inputs_shadow_blur":5,"card_style":"standard","card_image_padding":0,"card_text_alignment":"center","card_color_scheme":"background-2","card_border_thickness":0,"card_border_opacity":10,"card_corner_radius":0,"card_shadow_opacity":15,"card_shadow_horizontal_offset":0,"card_shadow_vertical_offset":4,"card_shadow_blur":5,"collection_card_style":"standard","collection_card_image_padding":0,"collection_card_text_alignment":"left","collection_card_color_scheme":"background-2","collection_card_border_thickness":5,"collection_card_border_opacity":55,"collection_card_corner_radius":40,"collection_card_shadow_opacity":15,"collection_card_shadow_horizontal_offset":0,"collection_card_shadow_vertical_offset":4,"collection_card_shadow_blur":5,"blog_card_style":"standard","blog_card_image_padding":0,"blog_card_text_alignment":"left","blog_card_color_scheme":"background-2","blog_card_border_thickness":0,"blog_card_border_opacity":10,"blog_card_corner_radius":0,"blog_card_shadow_opacity":0,"blog_card_shadow_horizontal_offset":0,"blog_card_shadow_vertical_offset":4,"blog_card_shadow_blur":5,"text_boxes_border_thickness":0,"text_boxes_border_opacity":10,"text_boxes_radius":0,"text_boxes_shadow_opacity":0,"text_boxes_shadow_horizontal_offset":0,"text_boxes_shadow_vertical_offset":4,"text_boxes_shadow_blur":5,"media_border_thickness":0,"media_border_opacity":10,"media_radius":0,"media_shadow_opacity":0,"media_shadow_horizontal_offset":0,"media_shadow_vertical_offset":4,"media_shadow_blur":5,"popup_border_thickness":1,"popup_border_opacity":100,"popup_corner_radius":0,"popup_shadow_opacity":5,"popup_shadow_horizontal_offset":0,"popup_shadow_vertical_offset":4,"popup_shadow_blur":5,"drawer_border_thickness":1,"drawer_border_opacity":100,"drawer_shadow_opacity":0,"drawer_shadow_horizontal_offset":0,"drawer_shadow_vertical_offset":4,"drawer_shadow_blur":5,"badge_position":"top right","badge_corner_radius":0,"sale_badge_color_scheme":"accent-2","sold_out_badge_color_scheme":"background-1","brand_headline":"","brand_description":"<p><\/p>","brand_image_width":100,"social_facebook_link":"https:\/\/www.facebook.com\/profile.php?id=61553385204145","social_instagram_link":"https:\/\/www.instagram.com\/thebavastore\/","social_youtube_link":"https:\/\/www.youtube.com\/@BavaRebelThreads","social_tiktok_link":"","social_twitter_link":"","social_snapchat_link":"","social_pinterest_link":"","social_tumblr_link":"","social_vimeo_link":"","predictive_search_enabled":true,"predictive_search_show_vendor":false,"predictive_search_show_price":false,"currency_code_enabled":true,"cart_type":"drawer","show_vendor":true,"show_cart_note":true,"cart_drawer_collection":"","cart_color_scheme":"background-1","mid":"1980tjq0qwak","envType":"production","fbpixel":"501435538946051","priClr":"#000000","secClr":"#ffffff","goEnable":true,"main-titile":"Checkout","goBuynowEnable":true,"buynow-titile":"Buy It Now","btnBClr":"#ffffff","btnTextClr":"#000000","checkout_logo_image":"shopify:\/\/shop_images\/joint-logo-ezgif.com-crop.gif","checkout_body_background_color":"#f5f5f5","checkout_accent_color":"#f5f5f5","checkout_button_color":"#11151c","sections":{"main-password-header":{"type":"main-password-header","settings":{"color_scheme":"background-1"}},"main-password-footer":{"type":"main-password-footer","settings":{"color_scheme":"background-1"}},"hero-new":{"type":"hero-new","custom_css":["\/* Force mobile image to stay centered and proportionate *\/.mobile-view img {width: 100% !important; height: auto !important; object-fit: contain !important; display: block; margin-left: auto; margin-right: auto;}"," \/* Force desktop image to behave *\/.desktop-view img {width: 100% !important; height: auto !important; object-fit: cover !important; display: block; margin-left: auto; margin-right: auto;}"],"settings":{"desktop_image":"shopify:\/\/shop_images\/2.png","mobile_image":"shopify:\/\/shop_images\/Our_latest_vest_collection_is_inpired_by_the_raw_energy_of_streets_emotion_and_humans._Crafted_for_those_who_carry_the_rhythm_of_the_city_in_thier_soul._elevate_the_community_and_set_c32ccf9f-a1d4-46e5-86c4-b759f2e0f3ef.png","video_url":"","mobile_video_url":"","button_text":"Shop Now","button_link":"shopify:\/\/collections\/all-products"}}},"content_for_index":[],"blocks":{"16278478101612877664":{"type":"shopify:\/\/apps\/pagefly-page-builder\/blocks\/app-embed\/83e179f7-59a0-4589-8c66-c0dddf959200","disabled":false,"settings":{}},"5946647744298494267":{"type":"shopify:\/\/apps\/wishlist-plus\/blocks\/wishlist-app-embed\/80c3b1fc-3a8f-407e-8367-ffdeebb8b612","disabled":true,"settings":{}},"1804893150726543839":{"type":"shopify:\/\/apps\/nova-multi-currency-converter\/blocks\/app-embed\/a5be3c35-cbd0-46a1-ac3a-1ace57a9c1ce","disabled":false,"settings":{}},"4015264832934714879":{"type":"shopify:\/\/apps\/ecomsend-popups\/blocks\/app\/a5670cf8-5705-4b01-ad9e-447033feae26","disabled":false,"settings":{}},"10314455842701661981":{"type":"shopify:\/\/apps\/vizup-shoppable-video-carousel\/blocks\/floating-block\/eaecaa7b-ab6b-40ae-8ddf-50daa867f3eb","disabled":false,"settings":{}},"1232542678405107163":{"type":"shopify:\/\/apps\/instafeed\/blocks\/head-block\/c447db20-095d-4a10-9725-b5977662c9d5","disabled":false,"settings":{}},"7241659924025436803":{"type":"shopify:\/\/apps\/size-chart\/blocks\/app-embed\/305100b1-3599-492a-a54d-54f196ff1f94","disabled":false,"settings":{}},"4499299782520642052":{"type":"shopify:\/\/apps\/clean-size-charts\/blocks\/core\/feed2801-552f-4e8f-ba1f-32ba9fe8a8f0","disabled":true,"settings":{}},"1409715032340194113":{"type":"shopify:\/\/apps\/gokwik-cart-slide-cart-drawer\/blocks\/app-embed\/531cd8ff-cc36-43b1-9a44-c16d44927215","disabled":false,"settings":{}},"1759773598402494664":{"type":"shopify:\/\/apps\/rt-whatsapp-chat-live-chat\/blocks\/app-embed\/9baee9b7-6929-47af-9935-05bcdc376396","disabled":false,"settings":{}}},"color_schemes":{"background-1":{"settings":{"background":"#ffffff","background_gradient":"","text":"#11151c","button":"#11151c","button_label":"#ffffff","secondary_button_label":"#11151c","shadow":"#11151c"}},"background-2":{"settings":{"background":"#ffffff","background_gradient":"","text":"#11151c","button":"#11151c","button_label":"#ffffff","secondary_button_label":"#11151c","shadow":"#11151c"}},"inverse":{"settings":{"background":"#000000","background_gradient":"","text":"#ffffff","button":"#ffffff","button_label":"#11151c","secondary_button_label":"#ffffff","shadow":"#11151c"}},"accent-1":{"settings":{"background":"#855832","background_gradient":"","text":"#dfdfd8","button":"#dfdfd8","button_label":"#855832","secondary_button_label":"#dfdfd8","shadow":"#11151c"}},"accent-2":{"settings":{"background":"#ffffff","background_gradient":"","text":"#11151c","button":"#ffffff","button_label":"#4c6762","secondary_button_label":"#ffffff","shadow":"#11151c"}},"scheme-99b1674d-27d5-4da2-aed1-3cc6005ecdb8":{"settings":{"background":"#ffffff","background_gradient":"","text":"#11151c","button":"#11151c","button_label":"#ffffff","secondary_button_label":"#11151c","shadow":"#11151c"}}}},"presets":{"Default":{"logo_width":160,"color_schemes":{"background-1":{"settings":{"background":"#dfdfd8","background_gradient":"","text":"#11151c","button":"#855832","button_label":"#dfdfd8","secondary_button_label":"#855832","shadow":"#11151c"}},"background-2":{"settings":{"background":"#ffffff","background_gradient":"","text":"#11151c","button":"#11151c","button_label":"#ffffff","secondary_button_label":"#11151c","shadow":"#11151c"}},"inverse":{"settings":{"background":"#11151c","background_gradient":"","text":"#ffffff","button":"#ffffff","button_label":"#11151c","secondary_button_label":"#ffffff","shadow":"#11151c"}},"accent-1":{"settings":{"background":"#855832","background_gradient":"","text":"#dfdfd8","button":"#dfdfd8","button_label":"#855832","secondary_button_label":"#dfdfd8","shadow":"#11151c"}},"accent-2":{"settings":{"background":"#4c6762","background_gradient":"","text":"#dfdfd8","button":"#dfdfd8","button_label":"#4c6762","secondary_button_label":"#dfdfd8","shadow":"#11151c"}}},"type_header_font":"fs_kim_n5","heading_scale":130,"type_body_font":"fs_koopman_n4","body_scale":100,"page_width":1200,"spacing_sections":0,"spacing_grid_horizontal":40,"spacing_grid_vertical":40,"animations_reveal_on_scroll":true,"animations_hover_elements":"none","buttons_border_thickness":1,"buttons_border_opacity":100,"buttons_radius":0,"buttons_shadow_opacity":0,"buttons_shadow_horizontal_offset":0,"buttons_shadow_vertical_offset":4,"buttons_shadow_blur":5,"variant_pills_border_thickness":1,"variant_pills_border_opacity":100,"variant_pills_radius":0,"variant_pills_shadow_opacity":0,"variant_pills_shadow_horizontal_offset":0,"variant_pills_shadow_vertical_offset":4,"variant_pills_shadow_blur":5,"inputs_border_thickness":1,"inputs_border_opacity":100,"inputs_radius":0,"inputs_shadow_opacity":0,"inputs_shadow_horizontal_offset":0,"inputs_shadow_vertical_offset":4,"inputs_shadow_blur":5,"card_style":"standard","card_image_padding":0,"card_text_alignment":"left","card_color_scheme":"background-2","card_border_thickness":0,"card_border_opacity":10,"card_corner_radius":0,"card_shadow_opacity":0,"card_shadow_horizontal_offset":0,"card_shadow_vertical_offset":4,"card_shadow_blur":5,"collection_card_border_opacity":10,"collection_card_shadow_opacity":0,"collection_card_shadow_vertical_offset":4,"collection_card_shadow_blur":5,"collection_card_style":"standard","collection_card_image_padding":0,"collection_card_text_alignment":"left","collection_card_color_scheme":"background-2","collection_card_border_thickness":0,"collection_card_corner_radius":0,"collection_card_shadow_horizontal_offset":0,"blog_card_style":"standard","blog_card_image_padding":0,"blog_card_text_alignment":"left","blog_card_color_scheme":"background-2","blog_card_border_thickness":0,"blog_card_border_opacity":10,"blog_card_corner_radius":0,"blog_card_shadow_opacity":0,"blog_card_shadow_horizontal_offset":0,"blog_card_shadow_vertical_offset":4,"blog_card_shadow_blur":5,"text_boxes_border_thickness":0,"text_boxes_border_opacity":10,"text_boxes_radius":0,"text_boxes_shadow_opacity":0,"text_boxes_shadow_horizontal_offset":0,"text_boxes_shadow_vertical_offset":4,"text_boxes_shadow_blur":5,"media_border_thickness":0,"media_border_opacity":10,"media_radius":0,"media_shadow_opacity":0,"media_shadow_horizontal_offset":0,"media_shadow_vertical_offset":4,"media_shadow_blur":5,"popup_border_thickness":1,"popup_border_opacity":100,"popup_corner_radius":0,"popup_shadow_opacity":5,"popup_shadow_horizontal_offset":0,"popup_shadow_vertical_offset":4,"popup_shadow_blur":5,"drawer_border_thickness":1,"drawer_border_opacity":100,"drawer_shadow_opacity":0,"drawer_shadow_horizontal_offset":0,"drawer_shadow_vertical_offset":4,"drawer_shadow_blur":5,"badge_position":"top left","badge_corner_radius":0,"sale_badge_color_scheme":"accent-2","sold_out_badge_color_scheme":"background-1","brand_headline":"","brand_description":"<p><\/p>","brand_image_width":100,"social_twitter_link":"","social_facebook_link":"","social_pinterest_link":"","social_instagram_link":"","social_tiktok_link":"","social_tumblr_link":"","social_snapchat_link":"","social_youtube_link":"","social_vimeo_link":"","predictive_search_enabled":true,"predictive_search_show_vendor":false,"predictive_search_show_price":false,"currency_code_enabled":true,"cart_type":"drawer","show_vendor":true,"show_cart_note":true,"cart_drawer_collection":"","cart_color_scheme":"background-1","sections":{"main-password-header":{"type":"main-password-header","settings":{"color_scheme":"background-1"}},"main-password-footer":{"type":"main-password-footer","settings":{"color_scheme":"background-1"}}}}},"platform_customizations":{"custom_css":["._bottomLayout_4tu8s_279 {display: none;}","#igr-powered-by {display: none !important;}",".card__inner.color-background-2.gradient.ratio {height: inherit;}",".card__badge.top.right {display: none;}"]}}